date,earnings,price
1871.01,0.40,4.44
1871.02,0.40,4.50
1871.03,0.40,4.61
1871.04,0.40,4.74
1871.05,0.40,4.86
1871.06,0.40,4.82
1871.07,0.40,4.73
1871.08,0.40,4.79
1871.09,0.40,4.84
1871.1,0.40,4.59
1871.11,0.40,4.64
1871.12,0.40,4.74
1872.01,0.40,4.86
1872.02,0.41,4.88
1872.03,0.41,5.04
1872.04,0.41,5.18
1872.05,0.41,5.18
1872.06,0.42,5.13
1872.07,0.42,5.10
1872.08,0.42,5.04
1872.09,0.42,4.95
1872.1,0.43,4.97
1872.11,0.43,4.95
1872.12,0.43,5.07
1873.01,0.43,5.11
1873.02,0.44,5.15
1873.03,0.44,5.11
1873.04,0.44,5.04
1873.05,0.44,5.05
1873.06,0.45,4.98
1873.07,0.45,4.97
1873.08,0.45,4.97
1873.09,0.45,4.59
1873.1,0.46,4.19
1873.11,0.46,4.04
1873.12,0.46,4.42
1874.01,0.46,4.66
1874.02,0.46,4.80
1874.03,0.46,4.73
1874.04,0.46,4.60
1874.05,0.46,4.48
1874.06,0.46,4.46
1874.07,0.46,4.46
1874.08,0.46,4.47
1874.09,0.46,4.54
1874.1,0.46,4.53
1874.11,0.46,4.57
1874.12,0.46,4.54
1875.01,0.45,4.54
1875.02,0.44,4.53
1875.03,0.44,4.59
1875.04,0.43,4.65
1875.05,0.42,4.47
1875.06,0.41,4.38
1875.07,0.40,4.39
1875.08,0.39,4.41
1875.09,0.39,4.37
1875.1,0.38,4.30
1875.11,0.37,4.37
1875.12,0.36,4.37
1876.01,0.35,4.46
1876.02,0.35,4.52
1876.03,0.34,4.51
1876.04,0.33,4.34
1876.05,0.33,4.18
1876.06,0.32,4.15
1876.07,0.31,4.10
1876.08,0.31,3.93
1876.09,0.30,3.69
1876.1,0.29,3.67
1876.11,0.29,3.60
1876.12,0.28,3.58
1877.01,0.28,3.55
1877.02,0.28,3.34
1877.03,0.29,3.17
1877.04,0.29,2.94
1877.05,0.29,2.94
1877.06,0.29,2.73
1877.07,0.29,2.85
1877.08,0.29,3.05
1877.09,0.30,3.24
1877.1,0.30,3.31
1877.11,0.30,3.26
1877.12,0.30,3.25
1878.01,0.30,3.25
1878.02,0.30,3.18
1878.03,0.30,3.24
1878.04,0.30,3.33
1878.05,0.30,3.34
1878.06,0.31,3.41
1878.07,0.31,3.48
1878.08,0.31,3.45
1878.09,0.31,3.52
1878.1,0.31,3.48
1878.11,0.31,3.47
1878.12,0.31,3.45
1879.01,0.32,3.58
1879.02,0.32,3.71
1879.03,0.33,3.65
1879.04,0.33,3.77
1879.05,0.34,3.94
1879.06,0.35,3.96
1879.07,0.35,4.04
1879.08,0.36,4.07
1879.09,0.36,4.22
1879.1,0.37,4.68
1879.11,0.37,4.93
1879.12,0.38,4.92
1880.01,0.39,5.11
1880.02,0.40,5.20
1880.03,0.41,5.30
1880.04,0.42,5.18
1880.05,0.43,4.77
1880.06,0.44,4.79
1880.07,0.44,5.01
1880.08,0.45,5.19
1880.09,0.46,5.18
1880.1,0.47,5.33
1880.11,0.48,5.61
1880.12,0.49,5.84
1881.01,0.49,6.19
1881.02,0.48,6.17
1881.03,0.48,6.24
1881.04,0.47,6.22
1881.05,0.47,6.50
1881.06,0.47,6.58
1881.07,0.46,6.35
1881.08,0.46,6.20
1881.09,0.45,6.25
1881.1,0.45,6.15
1881.11,0.44,6.19
1881.12,0.44,6.01
1882.01,0.44,5.92
1882.02,0.44,5.79
1882.03,0.44,5.78
1882.04,0.44,5.78
1882.05,0.44,5.71
1882.06,0.44,5.68
1882.07,0.43,6.00
1882.08,0.43,6.18
1882.09,0.43,6.24
1882.1,0.43,6.07
1882.11,0.43,5.81
1882.12,0.43,5.84
1883.01,0.43,5.81
1883.02,0.43,5.68
1883.03,0.42,5.75
1883.04,0.42,5.87
1883.05,0.42,5.77
1883.06,0.42,5.82
1883.07,0.41,5.73
1883.08,0.41,5.47
1883.09,0.41,5.53
1883.1,0.41,5.38
1883.11,0.40,5.46
1883.12,0.40,5.34
1884.01,0.39,5.18
1884.02,0.39,5.32
1884.03,0.38,5.30
1884.04,0.37,5.06
1884.05,0.36,4.65
1884.06,0.36,4.46
1884.07,0.35,4.46
1884.08,0.34,4.74
1884.09,0.33,4.59
1884.1,0.33,4.44
1884.11,0.32,4.35
1884.12,0.31,4.34
1885.01,0.31,4.24
1885.02,0.30,4.37
1885.03,0.30,4.38
1885.04,0.30,4.37
1885.05,0.29,4.32
1885.06,0.29,4.30
1885.07,0.29,4.46
1885.08,0.28,4.71
1885.09,0.28,4.65
1885.1,0.28,4.92
1885.11,0.27,5.24
1885.12,0.27,5.20
1886.01,0.28,5.20
1886.02,0.28,5.30
1886.03,0.29,5.19
1886.04,0.29,5.12
1886.05,0.30,5.02
1886.06,0.30,5.25
1886.07,0.31,5.33
1886.08,0.31,5.37
1886.09,0.32,5.51
1886.1,0.32,5.65
1886.11,0.33,5.79
1886.12,0.33,5.64
1887.01,0.33,5.58
1887.02,0.34,5.54
1887.03,0.34,5.67
1887.04,0.34,5.80
1887.05,0.34,5.90
1887.06,0.35,5.73
1887.07,0.35,5.59
1887.08,0.35,5.45
1887.09,0.35,5.38
1887.1,0.36,5.20
1887.11,0.36,5.30
1887.12,0.36,5.27
1888.01,0.35,5.31
1888.02,0.34,5.28
1888.03,0.34,5.08
1888.04,0.33,5.10
1888.05,0.32,5.17
1888.06,0.31,5.01
1888.07,0.30,5.14
1888.08,0.29,5.25
1888.09,0.29,5.38
1888.1,0.28,5.35
1888.11,0.27,5.24
1888.12,0.26,5.14
1889.01,0.26,5.24
1889.02,0.27,5.30
1889.03,0.27,5.19
1889.04,0.27,5.18
1889.05,0.28,5.32
1889.06,0.28,5.41
1889.07,0.28,5.30
1889.08,0.29,5.37
1889.09,0.29,5.50
1889.1,0.29,5.40
1889.11,0.30,5.35
1889.12,0.30,5.32
1890.01,0.30,5.38
1890.02,0.30,5.32
1890.03,0.30,5.28
1890.04,0.30,5.39
1890.05,0.30,5.62
1890.06,0.30,5.58
1890.07,0.29,5.54
1890.08,0.29,5.41
1890.09,0.29,5.32
1890.1,0.29,5.08
1890.11,0.29,4.71
1890.12,0.29,4.60
1891.01,0.29,4.84
1891.02,0.30,4.90
1891.03,0.30,4.81
1891.04,0.31,4.97
1891.05,0.31,4.95
1891.06,0.32,4.85
1891.07,0.32,4.77
1891.08,0.32,4.93
1891.09,0.33,5.33
1891.1,0.33,5.33
1891.11,0.34,5.25
1891.12,0.34,5.41
1892.01,0.34,5.51
1892.02,0.35,5.52
1892.03,0.35,5.58
1892.04,0.35,5.57
1892.05,0.35,5.57
1892.06,0.36,5.54
1892.07,0.36,5.54
1892.08,0.36,5.62
1892.09,0.36,5.48
1892.1,0.37,5.59
1892.11,0.37,5.57
1892.12,0.37,5.51
1893.01,0.36,5.61
1893.02,0.35,5.51
1893.03,0.34,5.31
1893.04,0.33,5.31
1893.05,0.32,4.84
1893.06,0.32,4.61
1893.07,0.31,4.18
1893.08,0.30,4.08
1893.09,0.29,4.37
1893.1,0.28,4.50
1893.11,0.27,4.57
1893.12,0.26,4.41
1894.01,0.25,4.32
1894.02,0.24,4.38
1894.03,0.24,4.51
1894.04,0.23,4.57
1894.05,0.22,4.40
1894.06,0.21,4.34
1894.07,0.20,4.25
1894.08,0.19,4.41
1894.09,0.19,4.48
1894.1,0.18,4.34
1894.11,0.17,4.34
1894.12,0.16,4.30
1895.01,0.17,4.25
1895.02,0.18,4.19
1895.03,0.18,4.19
1895.04,0.19,4.37
1895.05,0.20,4.61
1895.06,0.21,4.70
1895.07,0.21,4.72
1895.08,0.22,4.79
1895.09,0.23,4.82
1895.1,0.24,4.75
1895.11,0.24,4.59
1895.12,0.25,4.32
1896.01,0.25,4.27
1896.02,0.24,4.45
1896.03,0.24,4.38
1896.04,0.24,4.42
1896.05,0.23,4.40
1896.06,0.23,4.32
1896.07,0.23,4.04
1896.08,0.22,3.81
1896.09,0.22,4.01
1896.1,0.22,4.10
1896.11,0.21,4.38
1896.12,0.21,4.22
1897.01,0.22,4.22
1897.02,0.23,4.18
1897.03,0.24,4.19
1897.04,0.24,4.06
1897.05,0.25,4.08
1897.06,0.26,4.27
1897.07,0.27,4.46
1897.08,0.28,4.75
1897.09,0.29,4.98
1897.1,0.29,4.82
1897.11,0.30,4.65
1897.12,0.31,4.75
1898.01,0.31,4.88
1898.02,0.32,4.87
1898.03,0.32,4.65
1898.04,0.32,4.57
1898.05,0.33,4.87
1898.06,0.33,5.06
1898.07,0.33,5.08
1898.08,0.34,5.27
1898.09,0.34,5.26
1898.1,0.34,5.15
1898.11,0.35,5.32
1898.12,0.35,5.65
1899.01,0.36,6.08
1899.02,0.37,6.31
1899.03,0.38,6.40
1899.04,0.39,6.48
1899.05,0.40,6.21
1899.06,0.42,6.07
1899.07,0.43,6.28
1899.08,0.44,6.44
1899.09,0.45,6.37
1899.1,0.46,6.34
1899.11,0.47,6.46
1899.12,0.48,6.02
1900.01,0.48,6.10
1900.02,0.48,6.21
1900.03,0.48,6.26
1900.04,0.48,6.34
1900.05,0.48,6.04
1900.06,0.48,5.86
1900.07,0.48,5.86
1900.08,0.48,5.94
1900.09,0.48,5.80
1900.1,0.48,6.01
1900.11,0.48,6.48
1900.12,0.48,6.87
1901.01,0.48,7.07
1901.02,0.48,7.25
1901.03,0.49,7.51
1901.04,0.49,8.14
1901.05,0.49,7.73
1901.06,0.49,8.50
1901.07,0.49,7.93
1901.08,0.49,8.04
1901.09,0.50,8.00
1901.1,0.50,7.91
1901.11,0.50,8.08
1901.12,0.50,7.95
1902.01,0.51,8.12
1902.02,0.52,8.19
1902.03,0.53,8.20
1902.04,0.54,8.48
1902.05,0.55,8.46
1902.06,0.57,8.41
1902.07,0.58,8.60
1902.08,0.59,8.83
1902.09,0.60,8.85
1902.1,0.61,8.57
1902.11,0.62,8.24
1902.12,0.63,8.05
1903.01,0.62,8.46
1903.02,0.61,8.41
1903.03,0.61,8.08
1903.04,0.60,7.75
1903.05,0.59,7.60
1903.06,0.58,7.18
1903.07,0.57,6.85
1903.08,0.56,6.63
1903.09,0.56,6.47
1903.1,0.55,6.26
1903.11,0.54,6.28
1903.12,0.53,6.57
1904.01,0.53,6.68
1904.02,0.52,6.50
1904.03,0.52,6.48
1904.04,0.52,6.64
1904.05,0.51,6.50
1904.06,0.51,6.51
1904.07,0.51,6.78
1904.08,0.50,7.01
1904.09,0.50,7.32
1904.1,0.50,7.75
1904.11,0.49,8.17
1904.12,0.49,8.25
1905.01,0.51,8.43
1905.02,0.52,8.80
1905.03,0.54,9.05
1905.04,0.55,8.94
1905.05,0.57,8.50
1905.06,0.58,8.60
1905.07,0.60,8.87
1905.08,0.61,9.20
1905.09,0.63,9.23
1905.1,0.64,9.36
1905.11,0.66,9.31
1905.12,0.67,9.54
1906.01,0.68,9.87
1906.02,0.69,9.80
1906.03,0.69,9.56
1906.04,0.70,9.43
1906.05,0.71,9.18
1906.06,0.72,9.30
1906.07,0.72,9.06
1906.08,0.73,9.73
1906.09,0.74,10.03
1906.1,0.75,9.73
1906.11,0.75,9.93
1906.12,0.76,9.84
1907.01,0.75,9.56
1907.02,0.74,9.26
1907.03,0.74,8.35
1907.04,0.73,8.39
1907.05,0.72,8.10
1907.06,0.71,7.84
1907.07,0.70,8.14
1907.08,0.69,7.53
1907.09,0.69,7.45
1907.1,0.68,6.64
1907.11,0.67,6.25
1907.12,0.66,6.57
1908.01,0.65,6.85
1908.02,0.65,6.60
1908.03,0.64,6.87
1908.04,0.63,7.24
1908.05,0.63,7.63
1908.06,0.62,7.64
1908.07,0.61,7.92
1908.08,0.61,8.26
1908.09,0.60,8.17
1908.1,0.59,8.27
1908.11,0.59,8.83
1908.12,0.58,9.03
1909.01,0.60,9.06
1909.02,0.61,8.80
1909.03,0.63,8.92
1909.04,0.64,9.32
1909.05,0.66,9.63
1909.06,0.67,9.80
1909.07,0.69,9.94
1909.08,0.70,10.18
1909.09,0.72,10.19
1909.1,0.73,10.23
1909.11,0.75,10.18
1909.12,0.76,10.30
1910.01,0.76,10.08
1910.02,0.76,9.72
1910.03,0.75,9.96
1910.04,0.75,9.72
1910.05,0.75,9.56
1910.06,0.75,9.10
1910.07,0.74,8.64
1910.08,0.74,8.85
1910.09,0.74,8.91
1910.1,0.74,9.32
1910.11,0.73,9.31
1910.12,0.73,9.05
1911.01,0.72,9.27
1911.02,0.71,9.43
1911.03,0.70,9.32
1911.04,0.68,9.28
1911.05,0.67,9.48
1911.06,0.66,9.67
1911.07,0.65,9.63
1911.08,0.64,9.17
1911.09,0.63,8.67
1911.1,0.61,8.72
1911.11,0.60,9.07
1911.12,0.59,9.11
1912.01,0.60,9.12
1912.02,0.61,9.04
1912.03,0.62,9.30
1912.04,0.63,9.59
1912.05,0.64,9.58
1912.06,0.65,9.58
1912.07,0.65,9.59
1912.08,0.66,9.81
1912.09,0.67,9.86
1912.1,0.68,9.84
1912.11,0.69,9.73
1912.12,0.70,9.38
1913.01,0.69,9.30
1913.02,0.69,8.97
1913.03,0.68,8.80
1913.04,0.68,8.79
1913.05,0.67,8.55
1913.06,0.67,8.12
1913.07,0.66,8.23
1913.08,0.65,8.45
1913.09,0.65,8.53
1913.1,0.64,8.26
1913.11,0.64,8.05
1913.12,0.63,8.04
1914.01,0.62,8.37
1914.02,0.61,8.48
1914.03,0.60,8.32
1914.04,0.59,8.12
1914.05,0.58,8.17
1914.06,0.58,8.13
1914.07,0.57,7.68
1914.08,0.56,7.68
1914.09,0.55,7.68
1914.1,0.54,7.68
1914.11,0.53,7.68
1914.12,0.52,7.35
1915.01,0.55,7.48
1915.02,0.58,7.38
1915.03,0.61,7.57
1915.04,0.64,8.14
1915.05,0.67,7.95
1915.06,0.70,8.04
1915.07,0.73,8.01
1915.08,0.76,8.35
1915.09,0.79,8.66
1915.1,0.82,9.14
1915.11,0.85,9.46
1915.12,0.88,9.48
1916.01,0.93,9.33
1916.02,0.99,9.20
1916.03,1.04,9.17
1916.04,1.10,9.07
1916.05,1.15,9.27
1916.06,1.21,9.36
1916.07,1.26,9.23
1916.08,1.31,9.30
1916.09,1.37,9.68
1916.1,1.42,9.98
1916.11,1.48,10.21
1916.12,1.53,9.80
1917.01,1.51,9.57
1917.02,1.49,9.03
1917.03,1.47,9.31
1917.04,1.45,9.17
1917.05,1.43,8.86
1917.06,1.41,9.04
1917.07,1.38,8.79
1917.08,1.36,8.53
1917.09,1.34,8.12
1917.1,1.32,7.68
1917.11,1.30,7.04
1917.12,1.28,6.80
1918.01,1.26,7.21
1918.02,1.23,7.43
1918.03,1.21,7.28
1918.04,1.18,7.21
1918.05,1.16,7.44
1918.06,1.14,7.45
1918.07,1.11,7.51
1918.08,1.09,7.58
1918.09,1.06,7.54
1918.1,1.04,7.86
1918.11,1.01,8.06
1918.12,0.99,7.90
1919.01,0.99,7.85
1919.02,0.98,7.88
1919.03,0.98,8.12
1919.04,0.97,8.39
1919.05,0.97,8.97
1919.06,0.96,9.21
1919.07,0.96,9.51
1919.08,0.95,8.87
1919.09,0.95,9.01
1919.1,0.94,9.47
1919.11,0.94,9.19
1919.12,0.93,8.92
1920.01,0.92,8.83
1920.02,0.91,8.10
1920.03,0.90,8.67
1920.04,0.89,8.60
1920.05,0.88,8.06
1920.06,0.87,7.92
1920.07,0.85,7.91
1920.08,0.84,7.60
1920.09,0.83,7.87
1920.1,0.82,7.88
1920.11,0.81,7.48
1920.12,0.80,6.81
1921.01,0.76,7.11
1921.02,0.72,7.06
1921.03,0.67,6.88
1921.04,0.63,6.91
1921.05,0.59,7.12
1921.06,0.55,6.55
1921.07,0.50,6.53
1921.08,0.46,6.45
1921.09,0.42,6.61
1921.1,0.38,6.70
1921.11,0.33,7.06
1921.12,0.29,7.31
1922.01,0.32,7.30
1922.02,0.36,7.46
1922.03,0.39,7.74
1922.04,0.42,8.21
1922.05,0.46,8.53
1922.06,0.49,8.45
1922.07,0.52,8.51
1922.08,0.56,8.83
1922.09,0.59,9.06
1922.1,0.62,9.26
1922.11,0.66,8.80
1922.12,0.69,8.78
1923.01,0.71,8.90
1923.02,0.74,9.28
1923.03,0.76,9.43
1923.04,0.79,9.10
1923.05,0.81,8.67
1923.06,0.84,8.34
1923.07,0.86,8.06
1923.08,0.88,8.10
1923.09,0.91,8.15
1923.1,0.93,8.03
1923.11,0.96,8.27
1923.12,0.98,8.55
1924.01,0.98,8.83
1924.02,0.97,8.87
1924.03,0.97,8.70
1924.04,0.96,8.50
1924.05,0.96,8.47
1924.06,0.96,8.63
1924.07,0.95,9.03
1924.08,0.95,9.34
1924.09,0.94,9.25
1924.1,0.94,9.13
1924.11,0.93,9.64
1924.12,0.93,10.16
1925.01,0.96,10.58
1925.02,0.98,10.67
1925.03,1.01,10.39
1925.04,1.04,10.28
1925.05,1.06,10.61
1925.06,1.09,10.80
1925.07,1.12,11.10
1925.08,1.14,11.25
1925.09,1.17,11.51
1925.1,1.20,11.89
1925.11,1.22,12.26
1925.12,1.25,12.46
1926.01,1.25,12.65
1926.02,1.25,12.67
1926.03,1.25,11.81
1926.04,1.25,11.48
1926.05,1.25,11.56
1926.06,1.25,12.11
1926.07,1.24,12.62
1926.08,1.24,13.12
1926.09,1.24,13.32
1926.1,1.24,13.02
1926.11,1.24,13.19
1926.12,1.24,13.49
1927.01,1.23,13.40
1927.02,1.22,13.66
1927.03,1.21,13.87
1927.04,1.20,14.21
1927.05,1.19,14.70
1927.06,1.18,14.89
1927.07,1.16,15.22
1927.08,1.15,16.03
1927.09,1.14,16.94
1927.1,1.13,16.68
1927.11,1.12,17.06
1927.12,1.11,17.46
1928.01,1.13,17.53
1928.02,1.16,17.32
1928.03,1.18,18.25
1928.04,1.20,19.40
1928.05,1.22,20.00
1928.06,1.25,19.02
1928.07,1.27,19.16
1928.08,1.29,19.78
1928.09,1.31,21.17
1928.1,1.34,21.60
1928.11,1.36,23.06
1928.12,1.38,23.15
1929.01,1.40,24.86
1929.02,1.42,24.99
1929.03,1.44,25.43
1929.04,1.46,25.28
1929.05,1.48,25.66
1929.06,1.50,26.15
1929.07,1.51,28.48
1929.08,1.53,30.10
1929.09,1.55,31.30
1929.1,1.57,27.99
1929.11,1.59,20.58
1929.12,1.61,21.40
1930.01,1.56,21.71
1930.02,1.50,23.07
1930.03,1.45,23.94
1930.04,1.40,25.46
1930.05,1.34,23.94
1930.06,1.29,21.52
1930.07,1.24,21.06
1930.08,1.18,20.79
1930.09,1.13,20.78
1930.1,1.08,17.92
1930.11,1.02,16.62
1930.12,0.97,15.51
1931.01,0.94,15.98
1931.02,0.91,17.20
1931.03,0.88,17.53
1931.04,0.85,15.86
1931.05,0.82,14.33
1931.06,0.79,13.87
1931.07,0.76,14.33
1931.08,0.73,13.90
1931.09,0.70,11.83
1931.1,0.67,10.25
1931.11,0.64,10.39
1931.12,0.61,8.44
1932.01,0.59,8.30
1932.02,0.58,8.23
1932.03,0.56,8.26
1932.04,0.54,6.28
1932.05,0.53,5.51
1932.06,0.51,4.77
1932.07,0.49,5.01
1932.08,0.48,7.53
1932.09,0.46,8.26
1932.1,0.44,7.12
1932.11,0.43,7.05
1932.12,0.41,6.82
1933.01,0.41,7.09
1933.02,0.42,6.25
1933.03,0.42,6.23
1933.04,0.42,6.89
1933.05,0.42,8.87
1933.06,0.43,10.39
1933.07,0.43,11.23
1933.08,0.43,10.67
1933.09,0.43,10.58
1933.1,0.44,9.55
1933.11,0.44,9.78
1933.12,0.44,9.97
1934.01,0.44,10.54
1934.02,0.45,11.32
1934.03,0.45,10.74
1934.04,0.46,10.92
1934.05,0.46,9.81
1934.06,0.47,9.94
1934.07,0.47,9.47
1934.08,0.47,9.10
1934.09,0.48,8.88
1934.1,0.48,8.95
1934.11,0.49,9.20
1934.12,0.49,9.26
1935.01,0.57,9.26
1935.02,0.65,8.98
1935.03,0.73,8.41
1935.04,0.76,9.04
1935.05,0.78,9.75
1935.06,0.81,10.12
1935.07,0.79,10.65
1935.08,0.78,11.37
1935.09,0.76,11.61
1935.1,0.76,11.92
1935.11,0.76,13.04
1935.12,0.76,13.04
1936.01,0.77,13.76
1936.02,0.78,14.55
1936.03,0.79,14.86
1936.04,0.82,14.88
1936.05,0.85,14.09
1936.06,0.88,14.69
1936.07,0.90,15.56
1936.08,0.92,15.87
1936.09,0.94,16.05
1936.1,0.97,16.89
1936.11,0.99,17.36
1936.12,1.02,17.06
1937.01,1.05,17.59
1937.02,1.08,18.11
1937.03,1.11,18.09
1937.04,1.13,17.01
1937.05,1.15,16.25
1937.06,1.17,15.64
1937.07,1.19,16.57
1937.08,1.20,16.74
1937.09,1.22,14.37
1937.1,1.19,12.28
1937.11,1.16,11.20
1937.12,1.13,11.02
1938.01,1.08,11.31
1938.02,1.02,11.04
1938.03,0.97,10.31
1938.04,0.90,9.89
1938.05,0.84,9.98
1938.06,0.77,10.21
1938.07,0.72,12.24
1938.08,0.67,12.31
1938.09,0.62,11.75
1938.1,0.63,13.06
1938.11,0.63,13.07
1938.12,0.64,12.69
1939.01,0.66,12.50
1939.02,0.69,12.40
1939.03,0.71,12.39
1939.04,0.73,10.83
1939.05,0.74,11.23
1939.06,0.76,11.43
1939.07,0.78,11.71
1939.08,0.79,11.54
1939.09,0.81,12.77
1939.1,0.84,12.90
1939.11,0.87,12.67
1939.12,0.90,12.37
1940.01,0.93,12.30
1940.02,0.96,12.22
1940.03,0.99,12.15
1940.04,1.01,12.27
1940.05,1.02,10.58
1940.06,1.04,9.67
1940.07,1.05,9.99
1940.08,1.07,10.20
1940.09,1.08,10.63
1940.1,1.07,10.73
1940.11,1.06,10.98
1940.12,1.05,10.53
1941.01,1.05,10.55
1941.02,1.06,9.89
1941.03,1.06,9.95
1941.04,1.07,9.64
1941.05,1.08,9.43
1941.06,1.09,9.76
1941.07,1.12,10.26
1941.08,1.16,10.21
1941.09,1.19,10.24
1941.1,1.18,9.83
1941.11,1.17,9.37
1941.12,1.16,8.76
1942.01,1.12,8.93
1942.02,1.08,8.65
1942.03,1.04,8.18
1942.04,1.02,7.84
1942.05,1.00,7.93
1942.06,0.98,8.33
1942.07,0.97,8.64
1942.08,0.95,8.59
1942.09,0.94,8.68
1942.1,0.97,9.32
1942.11,1.00,9.47
1942.12,1.03,9.52
1943.01,1.04,10.09
1943.02,1.06,10.69
1943.03,1.07,11.07
1943.04,1.08,11.44
1943.05,1.09,11.89
1943.06,1.10,12.10
1943.07,1.09,12.35
1943.08,1.09,11.74
1943.09,1.08,11.99
1943.1,1.03,11.88
1943.11,0.99,11.33
1943.12,0.94,11.48
1944.01,0.94,11.85
1944.02,0.93,11.77
1944.03,0.93,12.10
1944.04,0.93,11.89
1944.05,0.92,12.10
1944.06,0.92,12.67
1944.07,0.91,13.00
1944.08,0.91,12.81
1944.09,0.90,12.60
1944.1,0.91,12.91
1944.11,0.92,12.82
1944.12,0.93,13.10
1945.01,0.94,13.49
1945.02,0.95,13.94
1945.03,0.96,13.93
1945.04,0.97,14.28
1945.05,0.99,14.82
1945.06,1.00,15.09
1945.07,1.00,14.78
1945.08,0.99,14.83
1945.09,0.99,15.84
1945.1,0.98,16.50
1945.11,0.97,17.04
1945.12,0.96,17.33
1946.01,0.94,18.02
1946.02,0.92,18.07
1946.03,0.90,17.53
1946.04,0.88,18.66
1946.05,0.86,18.70
1946.06,0.84,18.58
1946.07,0.86,18.05
1946.08,0.87,17.70
1946.09,0.89,15.09
1946.1,0.95,14.75
1946.11,1.00,14.69
1946.12,1.06,15.13
1947.01,1.13,15.21
1947.02,1.20,15.80
1947.03,1.27,15.16
1947.04,1.33,14.60
1947.05,1.38,14.34
1947.06,1.44,14.84
1947.07,1.48,15.77
1947.08,1.51,15.46
1947.09,1.55,15.06
1947.1,1.57,15.45
1947.11,1.59,15.27
1947.12,1.61,15.03
1948.01,1.64,14.83
1948.02,1.68,14.10
1948.03,1.71,14.30
1948.04,1.76,15.40
1948.05,1.81,16.15
1948.06,1.86,16.82
1948.07,1.93,16.42
1948.08,2.00,15.94
1948.09,2.07,15.76
1948.1,2.14,16.19
1948.11,2.22,15.29
1948.12,2.29,15.19
1949.01,2.32,15.36
1949.02,2.35,14.77
1949.03,2.38,14.91
1949.04,2.39,14.89
1949.05,2.39,14.78
1949.06,2.40,13.97
1949.07,2.40,14.76
1949.08,2.39,15.29
1949.09,2.39,15.49
1949.1,2.37,15.89
1949.11,2.34,16.11
1949.12,2.32,16.54
1950.01,2.34,16.88
1950.02,2.35,17.21
1950.03,2.37,17.35
1950.04,2.43,17.84
1950.05,2.48,18.44
1950.06,2.54,18.74
1950.07,2.60,17.38
1950.08,2.66,18.43
1950.09,2.72,19.08
1950.1,2.76,19.87
1950.11,2.80,19.83
1950.12,2.84,19.75
1951.01,2.84,21.21
1951.02,2.83,22.00
1951.03,2.83,21.63
1951.04,2.79,21.92
1951.05,2.76,21.93
1951.06,2.72,21.55
1951.07,2.65,21.93
1951.08,2.58,22.89
1951.09,2.51,23.48
1951.1,2.49,23.36
1951.11,2.46,22.71
1951.12,2.44,23.41
1952.01,2.43,24.19
1952.02,2.41,23.75
1952.03,2.40,23.81
1952.04,2.38,23.74
1952.05,2.36,23.73
1952.06,2.34,24.38
1952.07,2.35,25.08
1952.08,2.35,25.18
1952.09,2.36,24.78
1952.1,2.37,24.26
1952.11,2.39,25.03
1952.12,2.40,26.04
1953.01,2.41,26.18
1953.02,2.42,25.86
1953.03,2.43,25.99
1953.04,2.46,24.71
1953.05,2.48,24.84
1953.06,2.51,23.95
1953.07,2.52,24.29
1953.08,2.54,24.39
1953.09,2.55,23.27
1953.1,2.54,23.97
1953.11,2.52,24.50
1953.12,2.51,24.83
1954.01,2.52,25.46
1954.02,2.54,26.02
1954.03,2.55,26.57
1954.04,2.57,27.63
1954.05,2.60,28.73
1954.06,2.62,28.96
1954.07,2.62,30.13
1954.08,2.63,30.73
1954.09,2.63,31.45
1954.1,2.68,32.18
1954.11,2.72,33.44
1954.12,2.77,34.97
1955.01,2.83,35.60
1955.02,2.90,36.79
1955.03,2.96,36.50
1955.04,3.05,37.76
1955.05,3.13,37.60
1955.06,3.22,39.78
1955.07,3.29,42.69
1955.08,3.37,42.43
1955.09,3.44,44.34
1955.1,3.50,42.11
1955.11,3.56,44.95
1955.12,3.62,45.37
1956.01,3.64,44.15
1956.02,3.67,44.43
1956.03,3.69,47.49
1956.04,3.66,48.05
1956.05,3.63,46.54
1956.06,3.60,46.27
1956.07,3.55,48.78
1956.08,3.51,48.49
1956.09,3.46,46.84
1956.1,3.44,46.24
1956.11,3.43,45.76
1956.12,3.41,46.44
1957.01,3.41,45.43
1957.02,3.40,43.47
1957.03,3.40,44.03
1957.04,3.41,45.05
1957.05,3.41,46.78
1957.06,3.42,47.55
1957.07,3.44,48.51
1957.08,3.45,45.84
1957.09,3.47,43.98
1957.1,3.44,41.24
1957.11,3.40,40.35
1957.12,3.37,40.33
1958.01,3.29,41.12
1958.02,3.22,41.26
1958.03,3.14,42.11
1958.04,3.07,42.34
1958.05,3.00,43.70
1958.06,2.93,44.75
1958.07,2.91,45.98
1958.08,2.90,47.70
1958.09,2.88,48.96
1958.1,2.88,50.95
1958.11,2.89,52.50
1958.12,2.89,53.49
1959.01,2.96,55.62
1959.02,3.04,54.77
1959.03,3.11,56.16
1959.04,3.21,57.10
1959.05,3.30,57.96
1959.06,3.40,57.46
1959.07,3.41,59.74
1959.08,3.42,59.40
1959.09,3.43,57.05
1959.1,3.42,57.00
1959.11,3.40,57.23
1959.12,3.39,59.06
1960.01,3.39,58.03
1960.02,3.39,55.78
1960.03,3.39,55.02
1960.04,3.35,55.73
1960.05,3.30,55.22
1960.06,3.26,57.26
1960.07,3.26,55.84
1960.08,3.27,56.51
1960.09,3.27,54.81
1960.1,3.27,53.73
1960.11,3.27,55.47
1960.12,3.27,56.80
1961.01,3.21,59.72
1961.02,3.15,62.17
1961.03,3.09,64.12
1961.04,3.07,65.83
1961.05,3.05,66.50
1961.06,3.03,65.62
1961.07,3.04,65.44
1961.08,3.04,67.79
1961.09,3.05,67.26
1961.1,3.10,68.00
1961.11,3.14,71.08
1961.12,3.19,71.74
1962.01,3.25,69.07
1962.02,3.31,70.22
1962.03,3.37,70.29
1962.04,3.40,68.05
1962.05,3.44,62.99
1962.06,3.47,55.63
1962.07,3.49,56.97
1962.08,3.51,58.52
1962.09,3.53,58.00
1962.1,3.58,56.17
1962.11,3.62,60.04
1962.12,3.67,62.64
1963.01,3.68,65.06
1963.02,3.70,65.92
1963.03,3.71,65.67
1963.04,3.75,68.76
1963.05,3.80,70.14
1963.06,3.84,70.11
1963.07,3.88,69.07
1963.08,3.92,70.98
1963.09,3.96,72.85
1963.1,3.98,73.03
1963.11,4.00,72.62
1963.12,4.02,74.17
1964.01,4.07,76.45
1964.02,4.13,77.39
1964.03,4.18,78.80
1964.04,4.23,79.94
1964.05,4.28,80.72
1964.06,4.33,80.24
1964.07,4.38,83.22
1964.08,4.42,82.00
1964.09,4.47,83.41
1964.1,4.50,84.85
1964.11,4.52,85.44
1964.12,4.55,83.96
1965.01,4.59,86.12
1965.02,4.64,86.75
1965.03,4.68,86.83
1965.04,4.73,87.97
1965.05,4.79,89.28
1965.06,4.84,85.04
1965.07,4.89,84.91
1965.08,4.93,86.49
1965.09,4.98,89.38
1965.1,5.05,91.39
1965.11,5.12,92.15
1965.12,5.19,91.73
1966.01,5.24,93.32
1966.02,5.29,92.69
1966.03,5.34,88.88
1966.04,5.38,91.60
1966.05,5.42,86.78
1966.06,5.46,86.06
1966.07,5.48,85.84
1966.08,5.49,80.65
1966.09,5.51,77.81
1966.1,5.52,77.13
1966.11,5.54,80.99
1966.12,5.55,81.33
1967.01,5.52,84.45
1967.02,5.48,87.36
1967.03,5.45,89.42
1967.04,5.41,90.96
1967.05,5.37,92.59
1967.06,5.33,91.43
1967.07,5.32,93.01
1967.08,5.31,94.49
1967.09,5.30,95.81
1967.1,5.31,95.66
1967.11,5.32,92.66
1967.12,5.33,95.30
1968.01,5.37,95.04
1968.02,5.40,90.75
1968.03,5.44,89.09
1968.04,5.48,95.67
1968.05,5.53,97.87
1968.06,5.57,100.50
1968.07,5.60,100.30
1968.08,5.63,98.11
1968.09,5.66,101.30
1968.1,5.69,103.80
1968.11,5.73,105.40
1968.12,5.76,106.50
1969.01,5.78,102.00
1969.02,5.80,101.50
1969.03,5.82,99.30
1969.04,5.83,101.30
1969.05,5.83,104.60
1969.06,5.84,99.14
1969.07,5.86,94.71
1969.08,5.87,94.18
1969.09,5.89,94.51
1969.1,5.85,95.52
1969.11,5.82,96.21
1969.12,5.78,91.11
1970.01,5.73,90.31
1970.02,5.68,87.16
1970.03,5.63,88.65
1970.04,5.59,85.95
1970.05,5.56,76.06
1970.06,5.52,75.59
1970.07,5.47,75.72
1970.08,5.41,77.92
1970.09,5.36,82.58
1970.1,5.28,84.37
1970.11,5.21,84.28
1970.12,5.13,90.05
1971.01,5.16,93.49
1971.02,5.19,97.11
1971.03,5.22,99.60
1971.04,5.25,103.00
1971.05,5.29,101.60
1971.06,5.32,99.72
1971.07,5.36,99.00
1971.08,5.39,97.24
1971.09,5.43,99.40
1971.1,5.52,97.29
1971.11,5.61,92.78
1971.12,5.70,99.17
1972.01,5.74,103.30
1972.02,5.77,105.20
1972.03,5.81,107.70
1972.04,5.86,108.80
1972.05,5.92,107.70
1972.06,5.97,108.00
1972.07,6.03,107.20
1972.08,6.08,111.00
1972.09,6.14,109.40
1972.1,6.23,109.60
1972.11,6.33,115.10
1972.12,6.42,117.50
1973.01,6.55,118.40
1973.02,6.67,114.20
1973.03,6.80,112.40
1973.04,6.94,110.30
1973.05,7.09,107.20
1973.06,7.23,104.80
1973.07,7.38,105.80
1973.08,7.54,103.80
1973.09,7.69,105.60
1973.1,7.85,109.80
1973.11,8.00,102.00
1973.12,8.16,94.78
1974.01,8.23,96.11
1974.02,8.29,93.45
1974.03,8.36,97.44
1974.04,8.49,92.46
1974.05,8.61,89.67
1974.06,8.74,89.79
1974.07,8.86,79.31
1974.08,8.99,76.03
1974.09,9.11,68.12
1974.1,9.04,69.44
1974.11,8.96,71.74
1974.12,8.89,67.07
1975.01,8.74,72.56
1975.02,8.60,80.10
1975.03,8.45,83.78
1975.04,8.29,84.72
1975.05,8.12,90.10
1975.06,7.96,92.40
1975.07,7.89,92.49
1975.08,7.83,85.71
1975.09,7.76,84.67
1975.1,7.83,88.57
1975.11,7.89,90.07
1975.12,7.96,88.70
1976.01,8.19,96.86
1976.02,8.43,100.60
1976.03,8.66,101.10
1976.04,8.86,101.90
1976.05,9.05,101.20
1976.06,9.25,101.80
1976.07,9.35,104.20
1976.08,9.45,103.30
1976.09,9.55,105.50
1976.1,9.67,101.90
1976.11,9.79,101.20
1976.12,9.91,104.70
1977.01,9.97,103.80
1977.02,10.02,101.00
1977.03,10.08,100.60
1977.04,10.19,99.05
1977.05,10.31,98.76
1977.06,10.42,99.29
1977.07,10.52,100.20
1977.08,10.61,97.75
1977.09,10.71,96.23
1977.1,10.77,93.74
1977.11,10.83,94.28
1977.12,10.89,93.82
1978.01,10.90,90.25
1978.02,10.91,88.98
1978.03,10.92,88.82
1978.04,11.02,92.71
1978.05,11.13,97.41
1978.06,11.23,97.66
1978.07,11.34,97.19
1978.08,11.46,103.90
1978.09,11.57,103.90
1978.1,11.82,100.60
1978.11,12.08,94.71
1978.12,12.33,96.11
1979.01,12.65,99.71
1979.02,12.98,98.23
1979.03,13.30,100.10
1979.04,13.53,102.10
1979.05,13.75,99.73
1979.06,13.98,101.70
1979.07,14.20,102.70
1979.08,14.41,107.40
1979.09,14.63,108.60
1979.1,14.71,104.50
1979.11,14.78,103.70
1979.12,14.86,107.80
1980.01,15.00,110.90
1980.02,15.15,115.30
1980.03,15.29,104.70
1980.04,15.17,103.00
1980.05,15.06,107.70
1980.06,14.94,114.60
1980.07,14.84,119.80
1980.08,14.74,123.50
1980.09,14.64,126.50
1980.1,14.70,130.20
1980.11,14.76,135.70
1980.12,14.82,133.50
1981.01,14.74,133.00
1981.02,14.66,128.40
1981.03,14.58,133.20
1981.04,14.72,134.40
1981.05,14.87,131.70
1981.06,15.01,132.30
1981.07,15.10,129.10
1981.08,15.18,129.60
1981.09,15.27,118.30
1981.1,15.30,119.80
1981.11,15.33,122.90
1981.12,15.36,123.80
1982.01,15.18,117.30
1982.02,14.99,114.50
1982.03,14.81,110.80
1982.04,14.60,116.30
1982.05,14.38,116.40
1982.06,14.17,109.70
1982.07,13.97,109.40
1982.08,13.76,109.70
1982.09,13.56,122.40
1982.1,13.25,132.70
1982.11,12.95,138.10
1982.12,12.64,139.40
1983.01,12.57,144.30
1983.02,12.49,146.80
1983.03,12.42,151.90
1983.04,12.48,157.70
1983.05,12.53,164.10
1983.06,12.59,166.40
1983.07,12.83,167.00
1983.08,13.06,162.40
1983.09,13.30,167.20
1983.1,13.54,167.70
1983.11,13.79,165.20
1983.12,14.03,164.40
1984.01,14.44,166.40
1984.02,14.85,157.30
1984.03,15.26,157.40
1984.04,15.57,157.60
1984.05,15.89,156.60
1984.06,16.20,153.10
1984.07,16.32,151.10
1984.08,16.44,164.40
1984.09,16.56,166.10
1984.1,16.59,164.80
1984.11,16.61,166.30
1984.12,16.64,164.50
1985.01,16.56,171.60
1985.02,16.47,180.90
1985.03,16.39,179.40
1985.04,16.13,180.60
1985.05,15.87,184.90
1985.06,15.61,188.90
1985.07,15.48,192.50
1985.08,15.36,188.30
1985.09,15.23,184.10
1985.1,15.02,186.20
1985.11,14.82,197.50
1985.12,14.61,207.30
1986.01,14.58,208.20
1986.02,14.55,219.40
1986.03,14.52,232.30
1986.04,14.58,238.00
1986.05,14.65,238.50
1986.06,14.71,245.30
1986.07,14.76,240.20
1986.08,14.80,245.00
1986.09,14.85,238.30
1986.1,14.73,237.40
1986.11,14.60,245.10
1986.12,14.48,248.60
1987.01,14.69,264.50
1987.02,14.89,280.90
1987.03,15.10,292.50
1987.04,14.87,289.30
1987.05,14.65,289.10
1987.06,14.42,301.40
1987.07,14.90,310.10
1987.08,15.38,329.40
1987.09,15.86,318.70
1987.1,16.41,280.20
1987.11,16.95,245.00
1987.12,17.50,241.00
1988.01,17.86,250.50
1988.02,18.23,258.10
1988.03,18.59,265.70
1988.04,19.62,262.60
1988.05,20.64,256.10
1988.06,21.67,270.70
1988.07,22.02,269.10
1988.08,22.38,263.70
1988.09,22.73,268.00
1988.1,23.07,277.40
1988.11,23.42,271.00
1988.12,23.75,276.50
1989.01,24.16,285.40
1989.02,24.56,294.00
1989.03,24.96,292.70
1989.04,25.05,302.30
1989.05,25.13,313.90
1989.06,25.22,323.70
1989.07,24.71,331.90
1989.08,24.20,346.60
1989.09,23.69,347.30
1989.1,23.43,347.40
1989.11,23.16,340.20
1989.12,22.87,348.60
1990.01,22.49,339.97
1990.02,22.08,330.45
1990.03,21.67,338.46
1990.04,21.53,338.18
1990.05,21.40,350.25
1990.06,21.26,360.39
1990.07,21.42,360.03
1990.08,21.58,330.75
1990.09,21.74,315.41
1990.1,21.61,307.12
1990.11,21.47,315.29
1990.12,21.34,328.75
1991.01,21.18,325.49
1991.02,21.03,362.26
1991.03,20.94,372.28
1991.04,20.36,379.68
1991.05,19.86,377.99
1991.06,19.41,378.29
1991.07,18.84,380.23
1991.08,18.33,389.40
1991.09,17.82,387.20
1991.1,17.20,386.88
1991.11,16.59,385.92
1991.12,15.97,388.51
1992.01,16.05,416.08
1992.02,16.12,412.56
1992.03,16.19,407.36
1992.04,16.48,407.41
1992.05,16.77,414.81
1992.06,17.05,408.27
1992.07,17.38,415.05
1992.08,17.71,417.93
1992.09,18.04,418.48
1992.1,18.39,412.50
1992.11,18.74,422.84
1992.12,19.09,435.64
1993.01,19.34,435.23
1993.02,19.59,441.70
1993.03,19.84,450.16
1993.04,19.67,443.08
1993.05,19.50,445.25
1993.06,19.33,448.06
1993.07,19.69,447.29
1993.08,20.05,454.13
1993.09,20.41,459.24
1993.1,20.90,463.90
1993.11,21.39,462.89
1993.12,21.89,465.95
1994.01,22.16,472.99
1994.02,22.43,471.58
1994.03,22.71,463.81
1994.04,23.54,447.23
1994.05,24.37,450.90
1994.06,25.20,454.83
1994.07,25.91,451.40
1994.08,26.62,464.24
1994.09,27.33,466.96
1994.1,28.42,463.81
1994.11,29.51,461.01
1994.12,30.60,455.19
1995.01,31.25,465.25
1995.02,31.90,481.92
1995.03,32.55,493.15
1995.04,33.18,507.91
1995.05,33.80,523.81
1995.06,34.43,539.35
1995.07,34.68,557.37
1995.08,34.93,559.11
1995.09,35.18,578.77
1995.1,34.77,582.92
1995.11,34.37,595.53
1995.12,33.96,614.57
1996.01,33.99,614.42
1996.02,34.01,649.54
1996.03,34.04,647.07
1996.04,34.33,647.17
1996.05,34.62,661.23
1996.06,34.91,668.50
1996.07,35.27,644.07
1996.08,35.64,662.68
1996.09,36.00,674.88
1996.1,36.91,701.46
1996.11,37.82,735.67
1996.12,38.73,743.25
1997.01,39.23,766.22
1997.02,39.74,798.39
1997.03,40.24,792.16
1997.04,40.34,763.93
1997.05,40.45,833.09
1997.06,40.55,876.29
1997.07,40.58,925.29
1997.08,40.61,927.24
1997.09,40.64,937.02
1997.1,40.33,951.16
1997.11,40.03,938.92
1997.12,39.72,962.37
1998.01,39.66,963.36
1998.02,39.60,1023.74
1998.03,39.54,1076.83
1998.04,39.35,1112.20
1998.05,39.16,1108.42
1998.06,38.97,1108.39
1998.07,38.68,1156.58
1998.08,38.38,1074.62
1998.09,38.09,1020.64
1998.1,37.96,1032.47
1998.11,37.84,1144.43
1998.12,37.71,1190.05
1999.01,37.93,1248.77
1999.02,38.16,1246.58
1999.03,38.38,1281.66
1999.04,39.26,1334.76
1999.05,40.14,1332.07
1999.06,41.02,1322.55
1999.07,42.00,1380.99
1999.08,42.98,1327.49
1999.09,43.96,1318.17
1999.1,45.36,1300.01
1999.11,46.77,1391.00
1999.12,48.17,1428.68
2000.01,49.10,1425.59
2000.02,50.02,1388.87
2000.03,50.95,1442.21
2000.04,51.27,1461.36
2000.05,51.60,1418.48
2000.06,51.92,1461.96
2000.07,52.51,1473.00
2000.08,53.11,1485.46
2000.09,53.70,1468.05
2000.1,52.47,1390.14
2000.11,51.23,1378.04
2000.12,50.00,1330.93
2001.01,48.48,1335.63
2001.02,46.96,1305.75
2001.03,45.44,1185.85
2001.04,42.56,1189.84
2001.05,39.67,1270.37
2001.06,36.79,1238.71
2001.07,33.96,1204.45
2001.08,31.14,1178.50
2001.09,28.31,1044.64
2001.1,27.10,1076.59
2001.11,25.90,1129.68
2001.12,24.69,1144.93
2002.01,24.69,1140.21
2002.02,24.70,1100.67
2002.03,24.70,1153.79
2002.04,25.38,1111.93
2002.05,26.06,1079.25
2002.06,26.74,1014.02
2002.07,27.84,903.59
2002.08,28.94,912.55
2002.09,30.04,867.81
2002.1,29.22,854.63
2002.11,28.41,909.93
2002.12,27.59,899.18
2003.01,28.50,895.84
2003.02,29.41,837.03
2003.03,30.32,846.63
2003.04,31.73,890.03
2003.05,33.14,935.96
2003.06,34.55,988.00
2003.07,35.89,992.54
2003.08,37.24,989.53
2003.09,38.58,1019.44
2003.1,41.97,1038.73
2003.11,45.35,1049.90
2003.12,48.74,1080.64
2004.01,49.83,1132.52
2004.02,50.91,1143.36
2004.03,52.00,1123.98
2004.04,53.38,1133.36
2004.05,54.77,1102.78
2004.06,56.15,1132.76
2004.07,56.69,1105.85
2004.08,57.23,1088.94
2004.09,57.77,1117.66
2004.1,58.03,1117.21
2004.11,58.29,1168.94
2004.12,58.55,1199.21
2005.01,59.11,1181.41
2005.02,59.66,1199.63
2005.03,60.22,1194.90
2005.04,61.23,1164.43
2005.05,62.25,1178.28
2005.06,63.26,1202.25
2005.07,64.33,1222.24
2005.08,65.40,1224.27
2005.09,66.47,1225.92
2005.1,67.59,1191.96
2005.11,68.71,1237.37
2005.12,69.83,1262.07
2006.01,70.78,1278.73
2006.02,71.72,1276.65
2006.03,72.67,1293.74
2006.04,73.28,1302.17
2006.05,73.88,1290.01
2006.06,74.49,1253.17
2006.07,75.85,1260.24
2006.08,77.21,1287.15
2006.09,78.57,1317.74
2006.1,79.55,1363.38
2006.11,80.53,1388.64
2006.12,81.51,1416.42
2007.01,82.06,1424.16
2007.02,82.60,1444.80
2007.03,83.15,1406.95
2007.04,83.74,1463.64
2007.05,84.33,1511.14
2007.06,84.92,1514.19
2007.07,82.81,1520.71
2007.08,80.71,1454.62
2007.09,78.60,1497.12
2007.1,74.46,1539.66
2007.11,70.32,1463.39
2007.12,66.18,1479.22
2008.01,64.25,1378.76
2008.02,62.32,1354.87
2008.03,60.39,1316.94
2008.04,57.38,1370.47
2008.05,54.38,1403.22
2008.06,51.37,1341.25
2008.07,49.56,1257.33
2008.08,47.76,1281.47
2008.09,45.95,1216.95
2008.1,35.59,968.80
2008.11,25.24,883.04
2008.12,14.88,877.56
2009.01,12.21,865.58
2009.02,9.53,805.23
2009.03,6.86,757.13
2009.04,7.08,848.15
2009.05,7.29,902.41
2009.06,7.51,926.12
2009.07,9.19,935.82
2009.08,10.86,1009.73
2009.09,12.54,1044.55
2009.1,25.35,1067.66
2009.11,38.16,1088.07
2009.12,50.97,1110.38
2010.01,54.29,1123.58
2010.02,57.61,1089.16
2010.03,60.93,1152.05
2010.04,62.99,1197.32
2010.05,65.04,1125.06
2010.06,67.10,1083.36
2010.07,68.69,1079.80
2010.08,70.27,1087.28
2010.09,71.86,1122.08
2010.1,73.69,1171.58
2010.11,75.52,1198.89
2010.12,77.35,1241.53
2011.01,78.67,1282.62
2011.02,79.99,1321.12
2011.03,81.31,1304.49
2011.04,82.16,1331.51
2011.05,83.02,1338.31
2011.06,83.87,1287.29
2011.07,84.91,1325.19
2011.08,85.94,1185.31
2011.09,86.98,1173.88
2011.1,86.97,1207.22
2011.11,86.96,1226.42
2011.12,86.95,1243.32
2012.01,87.48,1300.58
2012.02,88.01,1352.49
2012.03,88.54,1389.24
2012.04,88.33,1386.43
2012.05,88.13,1341.27
2012.06,87.92,1323.48
2012.07,87.45,1359.78
2012.08,86.97,1403.45
2012.09,86.50,1443.42
2012.1,86.50,1437.82
2012.11,86.51,1394.51
2012.12,86.51,1422.29
2013.01,86.91,1480.40
2013.02,87.30,1512.31
2013.03,87.70,1550.83
2013.04,88.78,1570.70
2013.05,89.87,1639.84
2013.06,90.95,1618.77
2013.07,92.09,1668.68
2013.08,93.23,1670.09
2013.09,94.37,1687.17
2013.1,96.31,1720.03
2013.11,98.26,1783.54
2013.12,100.20,1807.78
2014.01,100.42,1822.36
2014.02,100.63,1817.04
2014.03,100.85,1863.52
2014.04,101.61,1864.26
2014.05,102.36,1889.77
2014.06,103.12,1947.09
2014.07,104.07,1973.10
2014.08,105.01,1961.53
2014.09,105.96,1993.23
2014.1,104.74,1937.27
2014.11,103.53,2044.57
2014.12,102.31,2054.27
2015.01,101.29,2028.18
2015.02,100.27,2082.20
2015.03,99.25,2079.99
2015.04,97.80,2094.86
2015.05,96.36,2111.94
2015.06,94.91,2099.29
2015.07,93.49,2094.14
2015.08,92.08,2039.87
2015.09,90.66,1944.41
2015.1,89.28,2024.81
2015.11,87.91,2080.62
2015.12,86.53,2054.08
2016.01,86.50,1918.60
2016.02,86.47,1904.42
2016.03,86.44,2021.95
2016.04,86.60,2075.54
2016.05,86.76,2065.55
2016.06,86.92,2083.89
2016.07,87.64,2148.90
2016.08,88.37,2170.95
2016.09,89.09,2157.69
2016.1,90.91,2143.02
2016.11,92.73,2164.99
2016.12,94.55,2246.63
2017.01,96.46,2275.12
2017.02,98.38,2329.91
2017.03,100.29,2366.82
2017.04,101.53,2359.31
2017.05,102.78,2395.35
2017.06,104.02,2433.99
2017.07,105.04,2454.10
2017.08,106.06,2456.22
2017.09,107.08,2492.84
2017.1,108.01,2557.00
2017.11,108.95,2593.61
2017.12,109.88,2664.34
2018.01,111.73,2789.80
2018.02,113.59,2705.16
2018.03,115.44,2702.77
2018.04,117.79,2653.63
2018.05,120.13,2701.49
2018.06,122.48,2754.35
2018.07,125.12,2793.64
2018.08,127.75,2857.82
2018.09,130.39,2901.50
2018.1,131.06,2785.46
2018.11,131.72,2723.23
2018.12,132.39,2567.31
2019.01,133.06,2607.39
2019.02,133.72,2754.86
2019.03,134.39,2803.98
2019.04,134.68,2903.80
2019.05,134.98,2854.71
2019.06,135.27,2890.17
2019.07,134.48,2996.11
2019.08,133.69,2897.50
2019.09,132.90,2982.16
2019.1,135.09,2977.68
2019.11,137.28,3104.90
2019.12,139.47,3176.75
2020.01,131.76,3278.20
2020.02,124.04,3277.31
2020.03,116.33,2652.39
2020.04,110.63,2761.98
2020.05,104.93,2919.62
2020.06,99.23,3104.66
2020.07,98.89,3207.62
2020.08,98.56,3391.71
2020.09,98.22,3365.52
2020.1,96.86,3418.70
2020.11,95.49,3548.99
2020.12,94.13,3695.31
2021.01,105.49,3793.75
2021.02,116.84,3883.43
2021.03,128.20,3910.51
2021.04,138.39,4141.18
2021.05,148.57,4167.85
2021.06,158.76,4238.49
2021.07,164.32,4363.71
2021.08,169.87,4454.21
2021.09,175.43,4445.54
2021.1,182.91,4460.71
2021.11,190.39,4667.39
2021.12,197.87,4674.77
2022.01,197.88,4573.82
2022.02,197.90,4435.98
2022.03,197.91,4391.27
2022.04,196.03,4391.30
2022.05,194.14,4040.36
2022.06,192.26,3898.95
2022.07,190.58,3911.73
2022.08,188.91,4158.56
2022.09,187.23,3850.52
2022.1,182.40,3726.05
2022.11,177.58,3917.49
2022.12,172.75,3912.38
2023.01,173.56,3960.66
2023.02,174.36,4079.68
2023.03,175.17,3968.56
2023.04,177.12,4121.47
2023.05,179.06,4146.17
2023.06,181.01,4345.37
2023.07,182.09,4508.08
2023.08,183.17,4457.36
2023.09,184.25,4409.10
2023.1,186.98,4269.40
2023.11,189.70,4460.06
2023.12,192.43,4685.05
2024.01,192.08,4815.61
2024.02,191.74,5011.96
2024.03,191.39,5170.57
2024.04,193.18,5112.49
2024.05,194.97,5235.23
2024.06,196.76,5415.14
2024.07,,5538.00
2024.08,,5478.21
2024.09,,5520.07
,,Sept price is Sept 4th close
,,
,,
,,
,,
,,
,,
,,
,,
,,
,,
,,
,,
,,
,,
,,
,,
,,
,,
,,
,,
,,
,,
,,
,,
,,
,,
,,
,,
,,
,,
,,
,,
,,
,,
,,
,,
,,
,,
,,
,,
,,
,,
,,
,,
,,
,,
,,
,,
,,
,,
,,
,,
,,
,,
,,
,,
,,
,,
,,
,,
,,
,,
,,
,,
,,
,,
,,
,,
,,
,,
,,
,,
,,
,,
,,
,,
,,
,,
,,
,,
,,
,,
,,
,,
,,
,,
,,
,,
,,
,,
,,
,,
,,
,,
,,
,,
,,
,,
,,
,,
,,
,,
,,
,,
,,
,,
,,
,,
,,
,,
,,
,,
,,
,,
,,
,,
,,
,,
,,
,,
,,
,,
,,
,,
,,
,,
,,
,,
,,
,,
,,
,,
,,
,,
,,
,,
,,
,,
,,
,,
,,
,,
,,
,,
,,
,,
,,
,,
,,
,,
,,
,,
,,
,,
,,
,,
,,
,,
,,
,,
,,
,,
,,
,,
,,
,,
,,
,,
,,
,,
,,
,,
,,
,,
,,
,,
,,
,,
,,
,,
,,
,,
,,
,,
,,
,,
,,
,,
,,
,,
,,
,,
,,
,,
,,
,,
,,
,,
,,
,,
,,
,,
,,
,,
,,
,,
,,
,,
,,
,,
,,
,,
,,
,,
,,
,,
,,
,,
,,
,,
,,
,,
,,
,,
,,
,,
,,
,,
,,
,,
,,
,,
,,
,,
,,
,,
,,
,,
,,
,,
,,
,,
,,
,,
,,
,,
,,
,,
,,
,,
,,
,,
,,
,,
,,
,,
,,
,,
,,
,,
,,
,,
,,
,,
,,
,,
,,
,,
,,
,,
,,
,,
,,
,,
,,
,,
,,
,,
,,
,,
,,
,,
,,
,,
,,
,,
,,
,,
,,
,,
,,
,,
,,
,,
,,
,,
,,
,,
,,
,,
,,
,,
,,
,,
,,
,,
,,
,,
,,
,,
,,
,,
,,
,,
,,
,,
,,
,,
,,
,,
,,
,,
,,
,,
,,
,,
,,
,,
,,
,,
,,
,,
,,
,,
,,
,,
,,
,,
,,
,,
,,
,,
,,
,,
,,
,,
,,
,,
,,
,,
,,
,,
,,
,,
,,
,,
,,
,,
,,
,,
,,
,,
,,
,,
,,
,,
,,
,,
,,
,,
,,
,,
,,
,,
,,
,,
,,
,,
,,
,,
,,